id,name,code,city_id/id,zipcode
base.subdistrict_100101,Phra Borom Maha Ratchawang,100101,base.city_1001,
base.subdistrict_100102,Wang Burapha Phirom,100102,base.city_1001,
base.subdistrict_100103,Wat Ratchabophit,100103,base.city_1001,
base.subdistrict_100104,Samran Rat,100104,base.city_1001,
base.subdistrict_100105,San Chao Pho Suea,100105,base.city_1001,
base.subdistrict_100106,Sao Chingcha,100106,base.city_1001,
base.subdistrict_100107,Bowon Niwet,100107,base.city_1001,
base.subdistrict_100108,Talat Yot,100108,base.city_1001,
base.subdistrict_100109,Chana Songkhram,100109,base.city_1001,
base.subdistrict_100110,Ban Phan Thom,100110,base.city_1001,
base.subdistrict_100111,Bang Khun Phrom,100111,base.city_1001,
base.subdistrict_100112,Wat Sam Phraya,100112,base.city_1001,
base.subdistrict_100201,Dusit,100201,base.city_1002,
base.subdistrict_100202,Wachira Phayaban,100202,base.city_1002,
base.subdistrict_100203,Suan Chitlada,100203,base.city_1002,
base.subdistrict_100204,Si Yaek Mahanak,100204,base.city_1002,
base.subdistrict_100206,Thanon Nakhon Chai Si,100206,base.city_1002,
base.subdistrict_100301,Krathum Rai,100301,base.city_1003,
base.subdistrict_100302,Nong Chok,100302,base.city_1003,
base.subdistrict_100303,Khlong Sip,100303,base.city_1003,
base.subdistrict_100304,Khlong Sip Song,100304,base.city_1003,
base.subdistrict_100305,Khok Faet,100305,base.city_1003,
base.subdistrict_100306,Khu Fang Nuea,100306,base.city_1003,
base.subdistrict_100307,Lam Phak Chi,100307,base.city_1003,
base.subdistrict_100308,Lam Toiting,100308,base.city_1003,
base.subdistrict_100401,Maha Phruettharam,100401,base.city_1004,
base.subdistrict_100402,Si Lom,100402,base.city_1004,
base.subdistrict_100403,Suriyawong,100403,base.city_1004,
base.subdistrict_100404,Bang Rak,100404,base.city_1004,
base.subdistrict_100405,Si Phraya,100405,base.city_1004,
base.subdistrict_100502,Anusawari,100502,base.city_1005,
base.subdistrict_100508,Tha Raeng,100508,base.city_1005,
base.subdistrict_100601,Khlong Chan,100601,base.city_1006,
base.subdistrict_100608,Hua Mak,100608,base.city_1006,
base.subdistrict_100701,Rong Mueang,100701,base.city_1007,
base.subdistrict_100702,Wang Mai,100702,base.city_1007,
base.subdistrict_100703,Pathum Wan,100703,base.city_1007,
base.subdistrict_100704,Lumphini,100704,base.city_1007,
base.subdistrict_100801,Pom Prap,100801,base.city_1008,
base.subdistrict_100802,Wat Thep Sirin,100802,base.city_1008,
base.subdistrict_100803,Khlong Maha Nak,100803,base.city_1008,
base.subdistrict_100804,Ban Bat,100804,base.city_1008,
base.subdistrict_100805,Wat Sommanat,100805,base.city_1008,
base.subdistrict_100905,Bang Chak,100905,base.city_1009,
base.subdistrict_100910,Phra Khanong Tai,100910,base.city_1009,
base.subdistrict_101001,Min Buri,101001,base.city_1010,
base.subdistrict_101002,Saen Saep,101002,base.city_1010,
base.subdistrict_101101,Lat Krabang,101101,base.city_1011,
base.subdistrict_101102,Khlong Song Ton Nun,101102,base.city_1011,
base.subdistrict_101103,Khlong Sam Prawet,101103,base.city_1011,
base.subdistrict_101104,Lam Pla Thio,101104,base.city_1011,
base.subdistrict_101105,Thap Yao,101105,base.city_1011,
base.subdistrict_101106,Khum Thong,101106,base.city_1011,
base.subdistrict_101203,Chong Nonsi,101203,base.city_1012,
base.subdistrict_101204,Bang Phongphang,101204,base.city_1012,
base.subdistrict_101301,Chakkrawat,101301,base.city_1013,
base.subdistrict_101302,Samphanthawong,101302,base.city_1013,
base.subdistrict_101303,Talat Noi,101303,base.city_1013,
base.subdistrict_101401,Sam Sen Nai,101401,base.city_1014,
base.subdistrict_101406,Phaya Thai,101406,base.city_1014,
base.subdistrict_101501,Wat Kanlaya,101501,base.city_1015,
base.subdistrict_101502,Hiran Ruchi,101502,base.city_1015,
base.subdistrict_101503,Bang Yi Ruea,101503,base.city_1015,
base.subdistrict_101504,Bukkhalo,101504,base.city_1015,
base.subdistrict_101505,Talat Phlu,101505,base.city_1015,
base.subdistrict_101506,Dao Khanong,101506,base.city_1015,
base.subdistrict_101507,Samre,101507,base.city_1015,
base.subdistrict_101601,Wat Arun,101601,base.city_1016,
base.subdistrict_101602,Wat Tha Phra,101602,base.city_1016,
base.subdistrict_101701,Huai Khwang,101701,base.city_1017,
base.subdistrict_101702,Bang Kapi,101702,base.city_1017,
base.subdistrict_101704,Sam Sen Nok,101704,base.city_1017,
base.subdistrict_101801,Somdet Chao Phraya,101801,base.city_1018,
base.subdistrict_101802,Khlong San,101802,base.city_1018,
base.subdistrict_101803,Bang Lamphu Lang,101803,base.city_1018,
base.subdistrict_101804,Khlong Ton Sai,101804,base.city_1018,
base.subdistrict_101901,Khlong Chak Phra,101901,base.city_1019,
base.subdistrict_101902,Taling Chan,101902,base.city_1019,
base.subdistrict_101903,Chimphli,101903,base.city_1019,
base.subdistrict_101904,Bang Phrom,101904,base.city_1019,
base.subdistrict_101905,Bang Ramat,101905,base.city_1019,
base.subdistrict_101907,Bang Chueak Nang,101907,base.city_1019,
base.subdistrict_102004,Sirirat,102004,base.city_1020,
base.subdistrict_102005,Ban Chang Lo,102005,base.city_1020,
base.subdistrict_102006,Bang Khun Non,102006,base.city_1020,
base.subdistrict_102007,Bang Khun Si,102007,base.city_1020,
base.subdistrict_102009,Arun Ammarin,102009,base.city_1020,
base.subdistrict_102105,Tha Kham,102105,base.city_1021,
base.subdistrict_102107,Samae Dam,102107,base.city_1021,
base.subdistrict_102201,Bang Wa,102201,base.city_1022,
base.subdistrict_102202,Bang Duan,102202,base.city_1022,
base.subdistrict_102206,Bang Chak,102206,base.city_1022,
base.subdistrict_102207,Bang Waek,102207,base.city_1022,
base.subdistrict_102208,Khlong Khwang,102208,base.city_1022,
base.subdistrict_102209,Pak Khlong Phasi Charoen,102209,base.city_1022,
base.subdistrict_102210,Khuha Sawan,102210,base.city_1022,
base.subdistrict_102302,Nong Khaem,102302,base.city_1023,
base.subdistrict_102303,Nong Khang Phlu,102303,base.city_1023,
base.subdistrict_102401,Rat Burana,102401,base.city_1024,
base.subdistrict_102402,Bang Pa Kok,102402,base.city_1024,
base.subdistrict_102501,Bang Phlat,102501,base.city_1025,
base.subdistrict_102502,Bang O,102502,base.city_1025,
base.subdistrict_102503,Bang Bamru,102503,base.city_1025,
base.subdistrict_102504,Bang Yi Khan,102504,base.city_1025,
base.subdistrict_102601,Din Daeng,102601,base.city_1026,
base.subdistrict_102602,Ratchadaphisek,102602,base.city_1026,
base.subdistrict_102701,Khlong Kum,102701,base.city_1027,
base.subdistrict_102704,Nawamin,102704,base.city_1027,
base.subdistrict_102705,Nuan Chan,102705,base.city_1027,
base.subdistrict_102801,Thung Wat Don,102801,base.city_1028,
base.subdistrict_102802,Yan Nawa,102802,base.city_1028,
base.subdistrict_102803,Thung Maha Mek,102803,base.city_1028,
base.subdistrict_102901,Bang Sue,102901,base.city_1029,
base.subdistrict_102902,Wong Sawang,102902,base.city_1029,
base.subdistrict_103001,Lat Yao,103001,base.city_1030,
base.subdistrict_103002,Sena Nikhom,103002,base.city_1030,
base.subdistrict_103003,Chan Kasem,103003,base.city_1030,
base.subdistrict_103004,Chom Phon,103004,base.city_1030,
base.subdistrict_103005,Chatuchak,103005,base.city_1030,
base.subdistrict_103101,Bang Kho Laem,103101,base.city_1031,
base.subdistrict_103102,Wat Phraya Krai,103102,base.city_1031,
base.subdistrict_103103,Bang Khlo,103103,base.city_1031,
base.subdistrict_103201,Prawet,103201,base.city_1032,
base.subdistrict_103202,Nong Bon,103202,base.city_1032,
base.subdistrict_103203,Dok Mai,103203,base.city_1032,
base.subdistrict_103301,Khlong Toei,103301,base.city_1033,
base.subdistrict_103302,Khlong Tan,103302,base.city_1033,
base.subdistrict_103303,Phra Khanong,103303,base.city_1033,
base.subdistrict_103401,Suan Luang,103401,base.city_1034,
base.subdistrict_103402,On Nut,103402,base.city_1034,
base.subdistrict_103403,Phatthanakan,103403,base.city_1034,
base.subdistrict_103501,Bang Khun Thian,103501,base.city_1035,
base.subdistrict_103502,Bang Kho,103502,base.city_1035,
base.subdistrict_103503,Bang Mot,103503,base.city_1035,
base.subdistrict_103504,Chom Thong,103504,base.city_1035,
base.subdistrict_103602,Si Kan,103602,base.city_1036,
base.subdistrict_103604,Don Mueang,103604,base.city_1036,
base.subdistrict_103605,Sanam Bin,103605,base.city_1036,
base.subdistrict_103701,Thung Phaya Thai,103701,base.city_1037,
base.subdistrict_103702,Thanon Phaya Thai,103702,base.city_1037,
base.subdistrict_103703,Thanon Phetchaburi,103703,base.city_1037,
base.subdistrict_103704,Makkasan,103704,base.city_1037,
base.subdistrict_103801,Lat Phrao,103801,base.city_1038,
base.subdistrict_103802,Chorakhe Bua,103802,base.city_1038,
base.subdistrict_103901,Khlong Toei Nuea,103901,base.city_1039,
base.subdistrict_103902,Khlong Tan Nuea,103902,base.city_1039,
base.subdistrict_103903,Phra Khanong Nuea,103903,base.city_1039,
base.subdistrict_104001,Bang Khae,104001,base.city_1040,
base.subdistrict_104002,Bang Khae Nuea,104002,base.city_1040,
base.subdistrict_104003,Bang Phai,104003,base.city_1040,
base.subdistrict_104004,Lak Song,104004,base.city_1040,
base.subdistrict_104101,Thung Song Hong,104101,base.city_1041,
base.subdistrict_104102,Talat Bang Khen,104102,base.city_1041,
base.subdistrict_104201,Sai Mai,104201,base.city_1042,
base.subdistrict_104202,O Ngoen,104202,base.city_1042,
base.subdistrict_104203,Khlong Thanon,104203,base.city_1042,
base.subdistrict_104301,Khan Na Yao,104301,base.city_1043,
base.subdistrict_104302,Ram Inthra,104302,base.city_1043,
base.subdistrict_104401,Saphan Sung,104401,base.city_1044,
base.subdistrict_104402,Rat Phatthana,104402,base.city_1044,
base.subdistrict_104403,Thap Chang,104403,base.city_1044,
base.subdistrict_104501,Wang Thonglang,104501,base.city_1045,
base.subdistrict_104502,Saphan Song,104502,base.city_1045,
base.subdistrict_104503,Khlong Chao Khun Sing,104503,base.city_1045,
base.subdistrict_104504,Phlapphla,104504,base.city_1045,
base.subdistrict_104601,Sam Wa Tawan Tok,104601,base.city_1046,
base.subdistrict_104602,Sam Wa Tawan Ok,104602,base.city_1046,
base.subdistrict_104603,Bang Chan,104603,base.city_1046,
base.subdistrict_104604,Sai Kong Din,104604,base.city_1046,
base.subdistrict_104605,Sai Kong Din Tai,104605,base.city_1046,
base.subdistrict_104702,Bang Na Nuea,104702,base.city_1047,
base.subdistrict_104703,Bang Na Tai,104703,base.city_1047,
base.subdistrict_104801,Thawi Watthana,104801,base.city_1048,
base.subdistrict_104802,Sala Thammasop,104802,base.city_1048,
base.subdistrict_104901,Bang Mot,104901,base.city_1049,
base.subdistrict_104902,Thung Khru,104902,base.city_1049,
base.subdistrict_105002,Bang Bon Nuea,105002,base.city_1050,
base.subdistrict_105003,Bang Bon Tai,105003,base.city_1050,
base.subdistrict_105004,Khlong Bang Phran,105004,base.city_1050,
base.subdistrict_105005,Khlong Bang Bon,105005,base.city_1050,
